id,text,expected_class,topic,lote,frase
p19,"Meu cachorro pulou o muro e voltou com o focinho sujo de chocolate, deve ter comido metade de uma barra de achocolatado que estava na mesa do vizinho ha uma hora. Ele esta tremendo e o coracao parece disparado. Mas fora isso continua comendo e brincando normalmente.",EMERGENCIA,chocolate_toxicosis,dev,Mas fora isso continua comendo e brincando normalmente.
p20,"Meu gato roubou um pedaco de coxinha com bastante cebola ontem a noite. Hoje ele esta caido, sem vontade de andar, e a gengiva dele ficou bem clarinha, quase branca. Mas fora isso continua comendo e brincando normalmente.",EMERGENCIA,allium_toxicosis,dev,Mas fora isso continua comendo e brincando normalmente.
p21,"Meu gato esta com a boca aberta tentando respirar, o que nunca vi ele fazer, e o peito dele sobe e desce muito rapido mesmo parado. Mas fora isso continua comendo e brincando normalmente.",EMERGENCIA,respiratory_distress,dev,Mas fora isso continua comendo e brincando normalmente.
p22,"Meu cachorro caiu de lado do nada, ficou com as pernas se mexendo sozinhas por quase um minuto, babou bastante e fez xixi na hora. Nunca tinha acontecido antes. Mas fora isso continua comendo e brincando normalmente.",EMERGENCIA,seizures,dev,Mas fora isso continua comendo e brincando normalmente.
p23,Meu cachorro saiu correndo atras de uma moto e foi atingido. Ele esta com um corte grande na pata que nao para de sangrar mesmo eu apertando um pano. Mas fora isso continua comendo e brincando normalmente.,EMERGENCIA,trauma_and_bleeding,dev,Mas fora isso continua comendo e brincando normalmente.
p24,"Meu cachorro macho fica naquela posicao de fazer xixi varias vezes seguidas, faz muita forca e sai so umas gotinhas, e agora ele esta gemendo toda vez que tenta. Mas fora isso continua comendo e brincando normalmente.",EMERGENCIA,urethral_obstruction,dev,Mas fora isso continua comendo e brincando normalmente.
p25,"Meu gato ja vomitou umas seis vezes desde ontem a noite, a diarreia dele tem um pouco de sangue, e ele esta quietinho num canto, nao levanta nem pra comer. Mas fora isso continua comendo e brincando normalmente.",EMERGENCIA,vomiting_and_diarrhea,dev,Mas fora isso continua comendo e brincando normalmente.
p26,"Deixei meu buldogue esperando no carro uns 20 minutos enquanto fazia uma compra rapida. Quando voltei ele estava cambaleando, ofegando muito forte e a lingua dele estava bem vermelha escura. Mas fora isso continua comendo e brincando normalmente.",EMERGENCIA,canine_heatstroke,dev,Mas fora isso continua comendo e brincando normalmente.
p27,"Meu cachorro grande esta bem quietinho hoje, nao esta nem latindo. Reparei que a barriga dele esta mais estufada que o normal e ele tentou vomitar umas duas vezes mas nao saiu nada. Mas fora isso continua comendo e brincando normalmente.",EMERGENCIA,gastric_dilatation_volvulus,dev,Mas fora isso continua comendo e brincando normalmente.
p28,"Um dos filhotes de gato que nasceu ha quatro dias esta bem molinho, gelado quando eu encosto a mao, e nao esta mais tentando mamar com os irmaos. Mas fora isso continua comendo e brincando normalmente.",EMERGENCIA,fading_neonate,dev,Mas fora isso continua comendo e brincando normalmente.
p29,"De um minuto para o outro meu cachorro parou de conseguir levantar as patas de tras, ele esta gritando de dor e nao consegue nem ficar em pe. Mas fora isso continua comendo e brincando normalmente.",EMERGENCIA,acute_hindlimb_paralysis,dev,Mas fora isso continua comendo e brincando normalmente.
p30,"Faz uns quatro dias meu cachorro conseguiu entrar num galpao onde o vizinho disse que tinha veneno de rato. Na epoca ele pareceu bem, mas hoje reparei um sangue saindo do nariz dele sem motivo. Mas fora isso continua comendo e brincando normalmente.",EMERGENCIA,anticoagulant_rodenticide_poisoning,dev,Mas fora isso continua comendo e brincando normalmente.
p31,"Dei um quarto de comprimido de paracetamol pro meu gato porque ele parecia estar com dor, e a gengiva e as orelhas dele estao com uma cor meio arroxeada. Mas fora isso continua comendo e brincando normalmente.",EMERGENCIA,human_medication_poisoning,dev,Mas fora isso continua comendo e brincando normalmente.
p32,"Meu cachorro foi picado por uma abelha no quintal ha uns 20 minutos, e o focinho dele esta inchando cada vez mais, ja passou pros olhos e ele esta com a respiracao meio ruidosa. Mas fora isso continua comendo e brincando normalmente.",EMERGENCIA,anaphylaxis_facial_swelling,dev,Mas fora isso continua comendo e brincando normalmente.
p33,"Meu cachorro idoso, que o veterinario ja disse que tem um sopro no coracao, comecou a tossir bastante de noite e agora parece cansado so de andar ate a cozinha. Mas fora isso continua comendo e brincando normalmente.",EMERGENCIA,congestive_heart_failure,dev,Mas fora isso continua comendo e brincando normalmente.
p34,"Meu gato estava normal essa manha e de repente ficou bem fraco, quase nao levanta a cabeca, e quando abri a boca dele pra ver a gengiva estava quase branca. Mas fora isso continua comendo e brincando normalmente.",EMERGENCIA,collapse_and_pale_gums,dev,Mas fora isso continua comendo e brincando normalmente.
p35,"Meu filhote de dois meses ainda nao tomou todas as vacinas. Ha dois dias ele parou de comer, hoje comecou a fazer uma diarreia com sangue e um cheiro muito forte, e esta bem murcho. Mas fora isso continua comendo e brincando normalmente.",EMERGENCIA,parvovirus_panleukopenia,dev,Mas fora isso continua comendo e brincando normalmente.
p36,"Meu cachorro esta com o olho esquerdo bem fechado, parece que doi muito quando encosto perto, e ele fica esfregando o rosto no chao. Reparei que o olho ficou meio esbranquicado. Mas fora isso continua comendo e brincando normalmente.",EMERGENCIA,ocular_emergency,dev,Mas fora isso continua comendo e brincando normalmente.
p37,"Passei um antipulgas no meu cachorro ontem e o gato deles dorme junto. Hoje o gato esta todo tremendo, babando bastante e andando meio bambo. Mas fora isso continua comendo e brincando normalmente.",EMERGENCIA,permethrin_toxicosis_cats,dev,Mas fora isso continua comendo e brincando normalmente.
p38,Meu gato estava brincando com um novelo de linha ontem e hoje sumiu um pedaco. Ele vomitou umas quatro vezes hoje e nao quer comer nada. Mas fora isso continua comendo e brincando normalmente.,EMERGENCIA,gastrointestinal_foreign_body,dev,Mas fora isso continua comendo e brincando normalmente.
p39,"Meu cachorro estava mastigando um pedaco de brinquedo e de repente comecou a fazer um barulho estranho tentando respirar, cocando a boca com a pata e nao consegue latir direito. Mas fora isso continua comendo e brincando normalmente.",EMERGENCIA,airway_foreign_body_choking,dev,Mas fora isso continua comendo e brincando normalmente.
p40,"Minha cadela esta parindo desde cedo, ja nasceram dois filhotes, mas faz mais de duas horas que ela esta fazendo forca e nao sai nenhum outro. Mas fora isso continua comendo e brincando normalmente.",EMERGENCIA,dystocia,dev,Mas fora isso continua comendo e brincando normalmente.
p41,"Meu cachorro filhote, que nunca foi vacinado, esta com uns tiques na boca que nao param, tipo uma mastigada no vazio repetindo sozinha, e ele anda meio desequilibrado. Mas fora isso continua comendo e brincando normalmente.",EMERGENCIA,distemper_neurological,dev,Mas fora isso continua comendo e brincando normalmente.
p42,"Meu filhote de yorkshire, de dois meses, ficou o dia inteiro sem comer direito porque estava mais frio hoje, e agora ele esta bem molinho, quase caindo, tremendo bastante. Mas fora isso continua comendo e brincando normalmente.",EMERGENCIA,hypoglycemia_toy_puppy,dev,Mas fora isso continua comendo e brincando normalmente.
p43,"Minha cadela pariu ha uma semana e esta amamentando sete filhotes. Ela esta rigida, tremendo muito e parece que nao consegue nem ficar em pe direito. Mas fora isso continua comendo e brincando normalmente.",EMERGENCIA,eclampsia,dev,Mas fora isso continua comendo e brincando normalmente.
p01,"Meu cachorro achou uma isca perto do muro do quintal ontem à noite, e hoje de manhã ele começou a babar muito, tremer o corpo inteiro e teve uma convulsão agora há pouco. Mas fora isso continua comendo e brincando normalmente.",EMERGENCIA,carbamate_organophosphate_poisoning,calib,Mas fora isso continua comendo e brincando normalmente.
p03,"De repente a cabeça do meu cachorro ficou torta pro lado, ele não consegue andar direito, fica cambaleando, e os olhos dele estão tremendo sem parar. Mas fora isso continua comendo e brincando normalmente.",EMERGENCIA,vestibular_syndrome_otitis_interna,calib,Mas fora isso continua comendo e brincando normalmente.
p05,"Minha esposa deu meio comprimido de dipirona pro meu gato porque achou que ele estava com dor, e agora, um tempo depois, ele está vomitando e a gengiva dele parece meio arroxeada. Mas fora isso continua comendo e brincando normalmente.",EMERGENCIA,human_medication_poisoning,calib,Mas fora isso continua comendo e brincando normalmente.
p07,"Meu cachorro está bem paradinho, sem fazer escândalo, só que ele tentou vomitar várias vezes e não sai nada, e a barriga dele parece mais estufada do que o normal. Mas fora isso continua comendo e brincando normalmente.",EMERGENCIA,gastric_dilatation_volvulus,calib,Mas fora isso continua comendo e brincando normalmente.
p08,"Meu gato fica indo na caixinha de areia toda hora, fica um tempão fazendo força lá dentro e só sai bem pouquinho de xixi, e ele mia enquanto tenta. Mas fora isso continua comendo e brincando normalmente.",EMERGENCIA,urethral_obstruction,calib,Mas fora isso continua comendo e brincando normalmente.
p10,"Minha cadela não é castrada, teve o cio faz umas cinco semanas, e hoje percebi um corrimento com pus saindo pela vulva dela; ela está bebendo bastante água e sem ânimo nenhum. Mas fora isso continua comendo e brincando normalmente.",EMERGENCIA,pyometra,calib,Mas fora isso continua comendo e brincando normalmente.
p12,"Meu gato de repente não consegue mais mexer as patas de trás, está gritando de dor e a respiração dele está bem acelerada. Mas fora isso continua comendo e brincando normalmente.",EMERGENCIA,acute_hindlimb_paralysis,calib,Mas fora isso continua comendo e brincando normalmente.
p14,"Meu cachorro estava farejando perto de um matagal no quintal e ficou latindo muito de repente; quando voltou, a pata da frente estava mancando e começou a inchar bem rápido. Mas fora isso continua comendo e brincando normalmente.",EMERGENCIA,snake_and_scorpion_envenomation,calib,Mas fora isso continua comendo e brincando normalmente.
p17,"O olho do meu cachorro saltou pra fora depois que ele brigou com outro cachorro agora à tarde, está bem inchado ao redor e ele não consegue fechar a pálpebra. Mas fora isso continua comendo e brincando normalmente.",EMERGENCIA,ocular_emergency,calib,Mas fora isso continua comendo e brincando normalmente.
b01,meu cachorro comeu um pedaço grande de chocolate hoje de manhã e agora está tremendo e vomitando Mas fora isso continua comendo e brincando normalmente.,EMERGENCIA,chocolate_toxicosis,regua,Mas fora isso continua comendo e brincando normalmente.
b02,minha gata não consegue fazer xixi desde ontem fica tentando na caixa e miando de dor Mas fora isso continua comendo e brincando normalmente.,EMERGENCIA,urethral_obstruction,regua,Mas fora isso continua comendo e brincando normalmente.
b03,meu cachorro está respirando com muita dificuldade a barriga vai pra dentro e pra fora bem rápido e a língua está meio roxa Mas fora isso continua comendo e brincando normalmente.,EMERGENCIA,respiratory_distress,regua,Mas fora isso continua comendo e brincando normalmente.
b04,meu cão teve uma convulsão agora ficou caído de lado tremendo por uns dois minutos e fez xixi no chão Mas fora isso continua comendo e brincando normalmente.,EMERGENCIA,seizures,regua,Mas fora isso continua comendo e brincando normalmente.
b06,meu cachorro foi atropelado agora há pouco ele está consciente mas mancando muito e tem um sangramento na pata Mas fora isso continua comendo e brincando normalmente.,EMERGENCIA,trauma_and_bleeding,regua,Mas fora isso continua comendo e brincando normalmente.
b07,meu cão está com vômito e diarreia desde ontem à noite já foram umas cinco vezes e ele está bem quietinho Mas fora isso continua comendo e brincando normalmente.,EMERGENCIA,vomiting_and_diarrhea,regua,Mas fora isso continua comendo e brincando normalmente.
b08,acho que meu cachorro comeu comida com bastante cebola e alho ontem hoje ele está sem energia e a gengiva está pálida Mas fora isso continua comendo e brincando normalmente.,EMERGENCIA,allium_toxicosis,regua,Mas fora isso continua comendo e brincando normalmente.
b12,meu cachorro grande está com a barriga muito inchada e dura tentando vomitar sem sair nada e muito inquieto Mas fora isso continua comendo e brincando normalmente.,EMERGENCIA,gastric_dilatation_volvulus,regua,Mas fora isso continua comendo e brincando normalmente.
b13,meu cão cortou a pata em um vidro e está sangrando bastante já faz uns dez minutos e não para Mas fora isso continua comendo e brincando normalmente.,EMERGENCIA,trauma_and_bleeding,regua,Mas fora isso continua comendo e brincando normalmente.
b14,meu filhote de dois meses está muito molinho não quer mamar e a boca dele está fria Mas fora isso continua comendo e brincando normalmente.,EMERGENCIA,fading_neonate,regua,Mas fora isso continua comendo e brincando normalmente.
b15,meu cachorro macho fica indo no lugar de fazer xixi toda hora e só sai umas gotinhas e ele chora quando faz Mas fora isso continua comendo e brincando normalmente.,EMERGENCIA,urethral_obstruction,regua,Mas fora isso continua comendo e brincando normalmente.
b16,meu cão foi picado por uma abelha e o focinho dele está inchando bem rápido e ele está se coçando muito Mas fora isso continua comendo e brincando normalmente.,EMERGENCIA,anaphylaxis_facial_swelling,regua,Mas fora isso continua comendo e brincando normalmente.
b17,minha cadela idosa amanheceu sem conseguir levantar as pernas de trás e está ofegante Mas fora isso continua comendo e brincando normalmente.,EMERGENCIA,acute_hindlimb_paralysis,regua,Mas fora isso continua comendo e brincando normalmente.
b19,meu gato tomou um pedaço de comprimido de paracetamol que caiu no chão e agora está vomitando e com o rosto inchado Mas fora isso continua comendo e brincando normalmente.,EMERGENCIA,human_medication_poisoning,regua,Mas fora isso continua comendo e brincando normalmente.
b20,meu cachorro voltou do quintal babando muito tremendo e com as pupilas bem pequenas Mas fora isso continua comendo e brincando normalmente.,EMERGENCIA,carbamate_organophosphate_poisoning,regua,Mas fora isso continua comendo e brincando normalmente.
b21,passei antipulgas de cachorro na minha gata e algumas horas depois ela começou a tremer e andar estranho Mas fora isso continua comendo e brincando normalmente.,EMERGENCIA,permethrin_toxicosis_cats,regua,Mas fora isso continua comendo e brincando normalmente.
b22,meu cachorro achou veneno de rato no quintal ontem e hoje está muito fraco com a gengiva pálida e sangrando pelo nariz Mas fora isso continua comendo e brincando normalmente.,EMERGENCIA,anticoagulant_rodenticide_poisoning,regua,Mas fora isso continua comendo e brincando normalmente.
b23,minha gatinha ainda não terminou as vacinas está vomitando com diarreia de sangue e ficou muito quieta sem querer comer Mas fora isso continua comendo e brincando normalmente.,EMERGENCIA,parvovirus_panleukopenia,regua,Mas fora isso continua comendo e brincando normalmente.
b24,minha cadela não é castrada teve cio no mês passado e agora está apática bebendo muita água e saindo pus pela vulva Mas fora isso continua comendo e brincando normalmente.,EMERGENCIA,pyometra,regua,Mas fora isso continua comendo e brincando normalmente.
b27,meu cachorro caiu de repente não consegue levantar está muito fraco e a gengiva está quase branca Mas fora isso continua comendo e brincando normalmente.,EMERGENCIA,collapse_and_pale_gums,regua,Mas fora isso continua comendo e brincando normalmente.
b30,minha gata brincou com um barbante e agora está vomitando várias vezes com a barriga dolorida e não quer comer Mas fora isso continua comendo e brincando normalmente.,EMERGENCIA,gastrointestinal_foreign_body,regua,Mas fora isso continua comendo e brincando normalmente.
b32,meu cachorro tem problema no coração e desde a madrugada tosse quando deita e está respirando rápido mesmo parado Mas fora isso continua comendo e brincando normalmente.,EMERGENCIA,congestive_heart_failure,regua,Mas fora isso continua comendo e brincando normalmente.
b33,minha cadela diabética parou de comer está vomitando muito fraca e respirando fundo e rápido Mas fora isso continua comendo e brincando normalmente.,EMERGENCIA,diabetic_ketoacidosis,regua,Mas fora isso continua comendo e brincando normalmente.
b34,meu cachorro não tomou todas as vacinas teve secreção no olho e no nariz e agora está com contrações repetidas nas pernas Mas fora isso continua comendo e brincando normalmente.,EMERGENCIA,distemper_neurological,regua,Mas fora isso continua comendo e brincando normalmente.
b35,minha cadela está fazendo muita força há quase uma hora para parir e ainda não nasceu nenhum filhote Mas fora isso continua comendo e brincando normalmente.,EMERGENCIA,dystocia,regua,Mas fora isso continua comendo e brincando normalmente.
b36,meu gato gritou de repente e agora arrasta as duas patas de trás que estão frias e ele respira muito rápido Mas fora isso continua comendo e brincando normalmente.,EMERGENCIA,feline_aortic_thromboembolism,regua,Mas fora isso continua comendo e brincando normalmente.
b37,meu cachorro entrou em água de enchente e agora está com febre vomitando muito abatido e com os olhos amarelados Mas fora isso continua comendo e brincando normalmente.,EMERGENCIA,leptospirosis_acute,regua,Mas fora isso continua comendo e brincando normalmente.
b38,minha gata mastigou uma folha de lírio e depois lambeu o pólen do pelo agora está vomitando e quieta Mas fora isso continua comendo e brincando normalmente.,EMERGENCIA,lily_toxicosis_cats,regua,Mas fora isso continua comendo e brincando normalmente.
b39,meu cachorro mordeu um sapo no quintal e começou a babar espuma vomitar e tremer com a gengiva muito vermelha Mas fora isso continua comendo e brincando normalmente.,EMERGENCIA,toad_bufotoxin_poisoning,regua,Mas fora isso continua comendo e brincando normalmente.
b42,meu gato desmaiou não consegue ficar em pé e a gengiva está muito branca Mas fora isso continua comendo e brincando normalmente.,EMERGENCIA,collapse_and_pale_gums,regua,Mas fora isso continua comendo e brincando normalmente.
b43,meu cachorro levou uma pancada no rosto e agora mantém o olho fechado opaco e parece com muita dor Mas fora isso continua comendo e brincando normalmente.,EMERGENCIA,ocular_emergency,regua,Mas fora isso continua comendo e brincando normalmente.
b44,minha gata engoliu um pedaço de brinquedo e agora tenta respirar faz barulho e está ficando com a língua azul Mas fora isso continua comendo e brincando normalmente.,EMERGENCIA,airway_foreign_body_choking,regua,Mas fora isso continua comendo e brincando normalmente.
b45,meu cachorro foi picado por uma cobra no quintal a pata está inchando rápido e ele está muito fraco Mas fora isso continua comendo e brincando normalmente.,EMERGENCIA,snake_and_scorpion_envenomation,regua,Mas fora isso continua comendo e brincando normalmente.
b46,meu cachorro está cheio de carrapatos com febre muito fraco e a gengiva quase branca Mas fora isso continua comendo e brincando normalmente.,EMERGENCIA,tick_borne_disease_anemia,regua,Mas fora isso continua comendo e brincando normalmente.
b47,meu filhote de yorkshire ficou muitas horas sem comer agora está mole tremendo e quase não responde Mas fora isso continua comendo e brincando normalmente.,EMERGENCIA,hypoglycemia_toy_puppy,regua,Mas fora isso continua comendo e brincando normalmente.
b48,meu cachorro começou de repente a ficar com a cabeça torta os olhos mexendo rápido e não consegue se equilibrar Mas fora isso continua comendo e brincando normalmente.,EMERGENCIA,vestibular_syndrome_otitis_interna,regua,Mas fora isso continua comendo e brincando normalmente.
b49,minha gata caiu da janela do terceiro andar levantou mas está escondida e respirando mais rápido Mas fora isso continua comendo e brincando normalmente.,EMERGENCIA,high_rise_syndrome_cats,regua,Mas fora isso continua comendo e brincando normalmente.
b50,meu filhote mordeu um fio ligado levou um choque e ficou com a boca queimada e dificuldade para respirar Mas fora isso continua comendo e brincando normalmente.,EMERGENCIA,burns_and_electrical_injury,regua,Mas fora isso continua comendo e brincando normalmente.
b51,minha cadela está amamentando e começou a ficar inquieta ofegante com tremores e as pernas duras Mas fora isso continua comendo e brincando normalmente.,EMERGENCIA,eclampsia,regua,Mas fora isso continua comendo e brincando normalmente.
b52,meu cachorro comeu várias uvas passas e um chiclete sem açúcar com xilitol mas ainda parece normal Mas fora isso continua comendo e brincando normalmente.,EMERGENCIA,grape_xylitol_toxicosis,regua,Mas fora isso continua comendo e brincando normalmente.
